shape	M	N	K	policy	rep	layout	tflops	avg_ms	build_md5
8192cube	8192	8192	8192	0	1	RCR	2940.83	0.3739	750f40f5cfe4293a6239e894c0a86bbe
8192cube	8192	8192	8192	0	1	RRR	2945.08	0.3733	750f40f5cfe4293a6239e894c0a86bbe
8192cube	8192	8192	8192	0	1	CRR	2721.51	0.4040	750f40f5cfe4293a6239e894c0a86bbe
8192cube	8192	8192	8192	0	2	RCR	2946.92	0.3731	750f40f5cfe4293a6239e894c0a86bbe
8192cube	8192	8192	8192	0	2	RRR	2939.02	0.3741	750f40f5cfe4293a6239e894c0a86bbe
8192cube	8192	8192	8192	0	2	CRR	2719.33	0.4043	750f40f5cfe4293a6239e894c0a86bbe
8192cube	8192	8192	8192	0	3	RCR	2953.19	0.3723	750f40f5cfe4293a6239e894c0a86bbe
8192cube	8192	8192	8192	0	3	RRR	2941.76	0.3738	750f40f5cfe4293a6239e894c0a86bbe
8192cube	8192	8192	8192	0	3	CRR	2717.21	0.4046	750f40f5cfe4293a6239e894c0a86bbe
8192cube	8192	8192	8192	1	1	RCR	2948.37	0.3729	e19ce17efcac6cfea3f03da6dd2886e8
8192cube	8192	8192	8192	1	1	RRR	2939.59	0.3740	e19ce17efcac6cfea3f03da6dd2886e8
8192cube	8192	8192	8192	1	1	CRR	2723.77	0.4037	e19ce17efcac6cfea3f03da6dd2886e8
8192cube	8192	8192	8192	1	2	RCR	2955.06	0.3721	e19ce17efcac6cfea3f03da6dd2886e8
8192cube	8192	8192	8192	1	2	RRR	2939.54	0.3740	e19ce17efcac6cfea3f03da6dd2886e8
8192cube	8192	8192	8192	1	2	CRR	2719.46	0.4043	e19ce17efcac6cfea3f03da6dd2886e8
8192cube	8192	8192	8192	1	3	RCR	2950.30	0.3727	e19ce17efcac6cfea3f03da6dd2886e8
8192cube	8192	8192	8192	1	3	RRR	2932.84	0.3749	e19ce17efcac6cfea3f03da6dd2886e8
8192cube	8192	8192	8192	1	3	CRR	2721.73	0.4040	e19ce17efcac6cfea3f03da6dd2886e8
8192cube	8192	8192	8192	2	1	RCR	2876.49	0.3822	7046f78772f4fb6f8312d952842b988c
8192cube	8192	8192	8192	2	1	RRR	2863.87	0.3839	7046f78772f4fb6f8312d952842b988c
8192cube	8192	8192	8192	2	1	CRR	2693.86	0.4082	7046f78772f4fb6f8312d952842b988c
8192cube	8192	8192	8192	2	2	RCR	2878.61	0.3820	7046f78772f4fb6f8312d952842b988c
8192cube	8192	8192	8192	2	2	RRR	2864.59	0.3838	7046f78772f4fb6f8312d952842b988c
8192cube	8192	8192	8192	2	2	CRR	2695.84	0.4079	7046f78772f4fb6f8312d952842b988c
8192cube	8192	8192	8192	2	3	RCR	2878.93	0.3819	7046f78772f4fb6f8312d952842b988c
8192cube	8192	8192	8192	2	3	RRR	2873.05	0.3827	7046f78772f4fb6f8312d952842b988c
8192cube	8192	8192	8192	2	3	CRR	2692.27	0.4084	7046f78772f4fb6f8312d952842b988c
8192cube	8192	8192	8192	3	1	RCR	2880.69	0.3817	12d67d4cea5a3227ed812ba295ddbffa
8192cube	8192	8192	8192	3	1	RRR	2862.40	0.3841	12d67d4cea5a3227ed812ba295ddbffa
8192cube	8192	8192	8192	3	1	CRR	2693.21	0.4083	12d67d4cea5a3227ed812ba295ddbffa
8192cube	8192	8192	8192	3	2	RCR	2876.05	0.3823	12d67d4cea5a3227ed812ba295ddbffa
8192cube	8192	8192	8192	3	2	RRR	2866.50	0.3836	12d67d4cea5a3227ed812ba295ddbffa
8192cube	8192	8192	8192	3	2	CRR	2691.42	0.4085	12d67d4cea5a3227ed812ba295ddbffa
8192cube	8192	8192	8192	3	3	RCR	2877.54	0.3821	12d67d4cea5a3227ed812ba295ddbffa
8192cube	8192	8192	8192	3	3	RRR	2871.97	0.3828	12d67d4cea5a3227ed812ba295ddbffa
8192cube	8192	8192	8192	3	3	CRR	2694.41	0.4081	12d67d4cea5a3227ed812ba295ddbffa
4096cube	4096	4096	4096	0	1	RCR	2477.07	0.0555	4ec8250d53406816ea46f460a8ffaecb
4096cube	4096	4096	4096	0	1	RRR	2445.09	0.0562	4ec8250d53406816ea46f460a8ffaecb
4096cube	4096	4096	4096	0	1	CRR	2273.26	0.0605	4ec8250d53406816ea46f460a8ffaecb
4096cube	4096	4096	4096	0	2	RCR	2444.47	0.0562	4ec8250d53406816ea46f460a8ffaecb
4096cube	4096	4096	4096	0	2	RRR	2444.07	0.0562	4ec8250d53406816ea46f460a8ffaecb
4096cube	4096	4096	4096	0	2	CRR	2258.43	0.0609	4ec8250d53406816ea46f460a8ffaecb
4096cube	4096	4096	4096	0	3	RCR	2468.17	0.0557	4ec8250d53406816ea46f460a8ffaecb
4096cube	4096	4096	4096	0	3	RRR	2462.59	0.0558	4ec8250d53406816ea46f460a8ffaecb
4096cube	4096	4096	4096	0	3	CRR	2284.34	0.0602	4ec8250d53406816ea46f460a8ffaecb
4096cube	4096	4096	4096	1	1	RCR	2474.50	0.0555	610f5e4fec487f48dbcc5382a0244672
4096cube	4096	4096	4096	1	1	RRR	2456.61	0.0559	610f5e4fec487f48dbcc5382a0244672
4096cube	4096	4096	4096	1	1	CRR	2276.08	0.0604	610f5e4fec487f48dbcc5382a0244672
4096cube	4096	4096	4096	1	2	RCR	2473.96	0.0556	610f5e4fec487f48dbcc5382a0244672
4096cube	4096	4096	4096	1	2	RRR	2451.12	0.0561	610f5e4fec487f48dbcc5382a0244672
4096cube	4096	4096	4096	1	2	CRR	2276.29	0.0604	610f5e4fec487f48dbcc5382a0244672
4096cube	4096	4096	4096	1	3	RCR	2485.56	0.0553	610f5e4fec487f48dbcc5382a0244672
4096cube	4096	4096	4096	1	3	RRR	2458.00	0.0559	610f5e4fec487f48dbcc5382a0244672
4096cube	4096	4096	4096	1	3	CRR	2282.11	0.0602	610f5e4fec487f48dbcc5382a0244672
4096cube	4096	4096	4096	2	1	RCR	2405.06	0.0571	cfd15f2e0940d4c010f4dd0b87a53f03
4096cube	4096	4096	4096	2	1	RRR	2382.31	0.0577	cfd15f2e0940d4c010f4dd0b87a53f03
4096cube	4096	4096	4096	2	1	CRR	2207.18	0.0623	cfd15f2e0940d4c010f4dd0b87a53f03
4096cube	4096	4096	4096	2	2	RCR	2404.58	0.0572	cfd15f2e0940d4c010f4dd0b87a53f03
4096cube	4096	4096	4096	2	2	RRR	2402.26	0.0572	cfd15f2e0940d4c010f4dd0b87a53f03
4096cube	4096	4096	4096	2	2	CRR	2230.74	0.0616	cfd15f2e0940d4c010f4dd0b87a53f03
4096cube	4096	4096	4096	2	3	RCR	2401.92	0.0572	cfd15f2e0940d4c010f4dd0b87a53f03
4096cube	4096	4096	4096	2	3	RRR	2384.01	0.0577	cfd15f2e0940d4c010f4dd0b87a53f03
4096cube	4096	4096	4096	2	3	CRR	2229.30	0.0617	cfd15f2e0940d4c010f4dd0b87a53f03
4096cube	4096	4096	4096	3	1	RCR	2406.87	0.0571	17713277b3a0e31c8f49de34cc040fd7
4096cube	4096	4096	4096	3	1	RRR	2395.88	0.0574	17713277b3a0e31c8f49de34cc040fd7
4096cube	4096	4096	4096	3	1	CRR	2226.64	0.0617	17713277b3a0e31c8f49de34cc040fd7
4096cube	4096	4096	4096	3	2	RCR	2423.77	0.0567	17713277b3a0e31c8f49de34cc040fd7
4096cube	4096	4096	4096	3	2	RRR	2405.11	0.0571	17713277b3a0e31c8f49de34cc040fd7
4096cube	4096	4096	4096	3	2	CRR	2233.35	0.0615	17713277b3a0e31c8f49de34cc040fd7
4096cube	4096	4096	4096	3	3	RCR	2398.00	0.0573	17713277b3a0e31c8f49de34cc040fd7
4096cube	4096	4096	4096	3	3	RRR	2419.08	0.0568	17713277b3a0e31c8f49de34cc040fd7
4096cube	4096	4096	4096	3	3	CRR	2235.91	0.0615	17713277b3a0e31c8f49de34cc040fd7
8B_GateUp_4kx14kx4k	4096	14336	4096	0	1	RCR	2568.59	0.1873	e60de15fb578016acccd107842f6446a
8B_GateUp_4kx14kx4k	4096	14336	4096	0	1	RRR	2536.23	0.1897	e60de15fb578016acccd107842f6446a
8B_GateUp_4kx14kx4k	4096	14336	4096	0	1	CRR	2363.27	0.2035	e60de15fb578016acccd107842f6446a
8B_GateUp_4kx14kx4k	4096	14336	4096	0	2	RCR	2587.95	0.1859	e60de15fb578016acccd107842f6446a
8B_GateUp_4kx14kx4k	4096	14336	4096	0	2	RRR	2565.51	0.1875	e60de15fb578016acccd107842f6446a
8B_GateUp_4kx14kx4k	4096	14336	4096	0	2	CRR	2372.61	0.2027	e60de15fb578016acccd107842f6446a
8B_GateUp_4kx14kx4k	4096	14336	4096	0	3	RCR	2587.41	0.1859	e60de15fb578016acccd107842f6446a
8B_GateUp_4kx14kx4k	4096	14336	4096	0	3	RRR	2558.60	0.1880	e60de15fb578016acccd107842f6446a
8B_GateUp_4kx14kx4k	4096	14336	4096	0	3	CRR	2370.28	0.2029	e60de15fb578016acccd107842f6446a
8B_GateUp_4kx14kx4k	4096	14336	4096	1	1	RCR	2587.98	0.1859	241aa6eb956e2e2c19ab71cd988f8051
8B_GateUp_4kx14kx4k	4096	14336	4096	1	1	RRR	2558.70	0.1880	241aa6eb956e2e2c19ab71cd988f8051
8B_GateUp_4kx14kx4k	4096	14336	4096	1	1	CRR	2369.00	0.2031	241aa6eb956e2e2c19ab71cd988f8051
8B_GateUp_4kx14kx4k	4096	14336	4096	1	2	RCR	2587.93	0.1859	241aa6eb956e2e2c19ab71cd988f8051
8B_GateUp_4kx14kx4k	4096	14336	4096	1	2	RRR	2563.12	0.1877	241aa6eb956e2e2c19ab71cd988f8051
8B_GateUp_4kx14kx4k	4096	14336	4096	1	2	CRR	2371.13	0.2029	241aa6eb956e2e2c19ab71cd988f8051
8B_GateUp_4kx14kx4k	4096	14336	4096	1	3	RCR	2591.46	0.1856	241aa6eb956e2e2c19ab71cd988f8051
8B_GateUp_4kx14kx4k	4096	14336	4096	1	3	RRR	2558.93	0.1880	241aa6eb956e2e2c19ab71cd988f8051
8B_GateUp_4kx14kx4k	4096	14336	4096	1	3	CRR	2374.28	0.2026	241aa6eb956e2e2c19ab71cd988f8051
8B_GateUp_4kx14kx4k	4096	14336	4096	2	1	RCR	2475.83	0.1943	b4b12078fa27e472271a85525c06dda8
8B_GateUp_4kx14kx4k	4096	14336	4096	2	1	RRR	2458.79	0.1956	b4b12078fa27e472271a85525c06dda8
8B_GateUp_4kx14kx4k	4096	14336	4096	2	1	CRR	2273.11	0.2116	b4b12078fa27e472271a85525c06dda8
8B_GateUp_4kx14kx4k	4096	14336	4096	2	2	RCR	2475.39	0.1943	b4b12078fa27e472271a85525c06dda8
8B_GateUp_4kx14kx4k	4096	14336	4096	2	2	RRR	2461.19	0.1954	b4b12078fa27e472271a85525c06dda8
8B_GateUp_4kx14kx4k	4096	14336	4096	2	2	CRR	2271.80	0.2117	b4b12078fa27e472271a85525c06dda8
8B_GateUp_4kx14kx4k	4096	14336	4096	2	3	RCR	2438.00	0.1973	b4b12078fa27e472271a85525c06dda8
8B_GateUp_4kx14kx4k	4096	14336	4096	2	3	RRR	2422.84	0.1985	b4b12078fa27e472271a85525c06dda8
8B_GateUp_4kx14kx4k	4096	14336	4096	2	3	CRR	2240.92	0.2147	b4b12078fa27e472271a85525c06dda8
8B_GateUp_4kx14kx4k	4096	14336	4096	3	1	RCR	2454.85	0.1960	e6dc92f1d58366aa67cf45fa024b9708
8B_GateUp_4kx14kx4k	4096	14336	4096	3	1	RRR	2458.34	0.1957	e6dc92f1d58366aa67cf45fa024b9708
8B_GateUp_4kx14kx4k	4096	14336	4096	3	1	CRR	2271.67	0.2118	e6dc92f1d58366aa67cf45fa024b9708
8B_GateUp_4kx14kx4k	4096	14336	4096	3	2	RCR	2468.97	0.1948	e6dc92f1d58366aa67cf45fa024b9708
8B_GateUp_4kx14kx4k	4096	14336	4096	3	2	RRR	2461.62	0.1954	e6dc92f1d58366aa67cf45fa024b9708
8B_GateUp_4kx14kx4k	4096	14336	4096	3	2	CRR	2269.57	0.2120	e6dc92f1d58366aa67cf45fa024b9708
8B_GateUp_4kx14kx4k	4096	14336	4096	3	3	RCR	2472.93	0.1945	e6dc92f1d58366aa67cf45fa024b9708
8B_GateUp_4kx14kx4k	4096	14336	4096	3	3	RRR	2457.25	0.1958	e6dc92f1d58366aa67cf45fa024b9708
8B_GateUp_4kx14kx4k	4096	14336	4096	3	3	CRR	2277.87	0.2112	e6dc92f1d58366aa67cf45fa024b9708
8B_Down_4kx4kx14k	4096	4096	14336	0	1	RCR	2950.55	0.1630	c8bf638ec96f766531e70981e3b8f848
8B_Down_4kx4kx14k	4096	4096	14336	0	1	RRR	2932.59	0.1640	c8bf638ec96f766531e70981e3b8f848
8B_Down_4kx4kx14k	4096	4096	14336	0	1	CRR	2723.71	0.1766	c8bf638ec96f766531e70981e3b8f848
8B_Down_4kx4kx14k	4096	4096	14336	0	2	RCR	2947.26	0.1632	c8bf638ec96f766531e70981e3b8f848
8B_Down_4kx4kx14k	4096	4096	14336	0	2	RRR	2929.34	0.1642	c8bf638ec96f766531e70981e3b8f848
8B_Down_4kx4kx14k	4096	4096	14336	0	2	CRR	2723.15	0.1766	c8bf638ec96f766531e70981e3b8f848
8B_Down_4kx4kx14k	4096	4096	14336	0	3	RCR	2947.27	0.1632	c8bf638ec96f766531e70981e3b8f848
8B_Down_4kx4kx14k	4096	4096	14336	0	3	RRR	2934.50	0.1639	c8bf638ec96f766531e70981e3b8f848
8B_Down_4kx4kx14k	4096	4096	14336	0	3	CRR	2717.54	0.1770	c8bf638ec96f766531e70981e3b8f848
8B_Down_4kx4kx14k	4096	4096	14336	1	1	RCR	2956.68	0.1627	256b4e0d61174efb21a00e78f7722ca1
8B_Down_4kx4kx14k	4096	4096	14336	1	1	RRR	2939.98	0.1636	256b4e0d61174efb21a00e78f7722ca1
8B_Down_4kx4kx14k	4096	4096	14336	1	1	CRR	2722.46	0.1767	256b4e0d61174efb21a00e78f7722ca1
8B_Down_4kx4kx14k	4096	4096	14336	1	2	RCR	2947.40	0.1632	256b4e0d61174efb21a00e78f7722ca1
8B_Down_4kx4kx14k	4096	4096	14336	1	2	RRR	2932.27	0.1640	256b4e0d61174efb21a00e78f7722ca1
8B_Down_4kx4kx14k	4096	4096	14336	1	2	CRR	2721.48	0.1768	256b4e0d61174efb21a00e78f7722ca1
8B_Down_4kx4kx14k	4096	4096	14336	1	3	RCR	2948.31	0.1632	256b4e0d61174efb21a00e78f7722ca1
8B_Down_4kx4kx14k	4096	4096	14336	1	3	RRR	2928.57	0.1643	256b4e0d61174efb21a00e78f7722ca1
8B_Down_4kx4kx14k	4096	4096	14336	1	3	CRR	2723.04	0.1767	256b4e0d61174efb21a00e78f7722ca1
8B_Down_4kx4kx14k	4096	4096	14336	2	1	RCR	2872.96	0.1674	052df7f42685cd465b224b12151a7d98
8B_Down_4kx4kx14k	4096	4096	14336	2	1	RRR	2857.07	0.1684	052df7f42685cd465b224b12151a7d98
8B_Down_4kx4kx14k	4096	4096	14336	2	1	CRR	2681.03	0.1794	052df7f42685cd465b224b12151a7d98
8B_Down_4kx4kx14k	4096	4096	14336	2	2	RCR	2876.87	0.1672	052df7f42685cd465b224b12151a7d98
8B_Down_4kx4kx14k	4096	4096	14336	2	2	RRR	2873.66	0.1674	052df7f42685cd465b224b12151a7d98
8B_Down_4kx4kx14k	4096	4096	14336	2	2	CRR	2698.85	0.1782	052df7f42685cd465b224b12151a7d98
8B_Down_4kx4kx14k	4096	4096	14336	2	3	RCR	2874.04	0.1674	052df7f42685cd465b224b12151a7d98
8B_Down_4kx4kx14k	4096	4096	14336	2	3	RRR	2863.11	0.1680	052df7f42685cd465b224b12151a7d98
8B_Down_4kx4kx14k	4096	4096	14336	2	3	CRR	2693.65	0.1786	052df7f42685cd465b224b12151a7d98
8B_Down_4kx4kx14k	4096	4096	14336	3	1	RCR	2868.92	0.1677	dd372c8fe42afc44346b610715844675
8B_Down_4kx4kx14k	4096	4096	14336	3	1	RRR	2867.05	0.1678	dd372c8fe42afc44346b610715844675
8B_Down_4kx4kx14k	4096	4096	14336	3	1	CRR	2691.08	0.1788	dd372c8fe42afc44346b610715844675
8B_Down_4kx4kx14k	4096	4096	14336	3	2	RCR	2871.87	0.1675	dd372c8fe42afc44346b610715844675
8B_Down_4kx4kx14k	4096	4096	14336	3	2	RRR	2860.99	0.1681	dd372c8fe42afc44346b610715844675
8B_Down_4kx4kx14k	4096	4096	14336	3	2	CRR	2688.62	0.1789	dd372c8fe42afc44346b610715844675
8B_Down_4kx4kx14k	4096	4096	14336	3	3	RCR	2838.25	0.1695	dd372c8fe42afc44346b610715844675
8B_Down_4kx4kx14k	4096	4096	14336	3	3	RRR	2868.15	0.1677	dd372c8fe42afc44346b610715844675
8B_Down_4kx4kx14k	4096	4096	14336	3	3	CRR	2696.64	0.1784	dd372c8fe42afc44346b610715844675
70B_QO_4kx8kx8k	4096	8192	8192	0	1	RCR	2902.15	0.1894	18df09df9cf68e4d41be647af18a6d02
70B_QO_4kx8kx8k	4096	8192	8192	0	1	RRR	2889.95	0.1902	18df09df9cf68e4d41be647af18a6d02
70B_QO_4kx8kx8k	4096	8192	8192	0	1	CRR	2694.29	0.2040	18df09df9cf68e4d41be647af18a6d02
70B_QO_4kx8kx8k	4096	8192	8192	0	2	RCR	2905.69	0.1892	18df09df9cf68e4d41be647af18a6d02
70B_QO_4kx8kx8k	4096	8192	8192	0	2	RRR	2890.24	0.1902	18df09df9cf68e4d41be647af18a6d02
70B_QO_4kx8kx8k	4096	8192	8192	0	2	CRR	2689.80	0.2044	18df09df9cf68e4d41be647af18a6d02
70B_QO_4kx8kx8k	4096	8192	8192	0	3	RCR	2897.41	0.1897	18df09df9cf68e4d41be647af18a6d02
70B_QO_4kx8kx8k	4096	8192	8192	0	3	RRR	2885.81	0.1905	18df09df9cf68e4d41be647af18a6d02
70B_QO_4kx8kx8k	4096	8192	8192	0	3	CRR	2698.83	0.2037	18df09df9cf68e4d41be647af18a6d02
70B_QO_4kx8kx8k	4096	8192	8192	1	1	RCR	2895.90	0.1898	b1deba8d519209e7aba3661d157d4029
70B_QO_4kx8kx8k	4096	8192	8192	1	1	RRR	2883.18	0.1907	b1deba8d519209e7aba3661d157d4029
70B_QO_4kx8kx8k	4096	8192	8192	1	1	CRR	2694.08	0.2041	b1deba8d519209e7aba3661d157d4029
70B_QO_4kx8kx8k	4096	8192	8192	1	2	RCR	2895.22	0.1899	b1deba8d519209e7aba3661d157d4029
70B_QO_4kx8kx8k	4096	8192	8192	1	2	RRR	2894.18	0.1900	b1deba8d519209e7aba3661d157d4029
70B_QO_4kx8kx8k	4096	8192	8192	1	2	CRR	2690.65	0.2043	b1deba8d519209e7aba3661d157d4029
70B_QO_4kx8kx8k	4096	8192	8192	1	3	RCR	2901.52	0.1895	b1deba8d519209e7aba3661d157d4029
70B_QO_4kx8kx8k	4096	8192	8192	1	3	RRR	2883.22	0.1907	b1deba8d519209e7aba3661d157d4029
70B_QO_4kx8kx8k	4096	8192	8192	1	3	CRR	2691.56	0.2043	b1deba8d519209e7aba3661d157d4029
70B_QO_4kx8kx8k	4096	8192	8192	2	1	RCR	2824.38	0.1946	9c88bdde1b84db599eb8d6d216b06821
70B_QO_4kx8kx8k	4096	8192	8192	2	1	RRR	2811.88	0.1955	9c88bdde1b84db599eb8d6d216b06821
70B_QO_4kx8kx8k	4096	8192	8192	2	1	CRR	2645.55	0.2078	9c88bdde1b84db599eb8d6d216b06821
70B_QO_4kx8kx8k	4096	8192	8192	2	2	RCR	2824.00	0.1947	9c88bdde1b84db599eb8d6d216b06821
70B_QO_4kx8kx8k	4096	8192	8192	2	2	RRR	2808.65	0.1957	9c88bdde1b84db599eb8d6d216b06821
70B_QO_4kx8kx8k	4096	8192	8192	2	2	CRR	2642.82	0.2080	9c88bdde1b84db599eb8d6d216b06821
70B_QO_4kx8kx8k	4096	8192	8192	2	3	RCR	2833.75	0.1940	9c88bdde1b84db599eb8d6d216b06821
70B_QO_4kx8kx8k	4096	8192	8192	2	3	RRR	2820.86	0.1949	9c88bdde1b84db599eb8d6d216b06821
70B_QO_4kx8kx8k	4096	8192	8192	2	3	CRR	2640.14	0.2082	9c88bdde1b84db599eb8d6d216b06821
70B_QO_4kx8kx8k	4096	8192	8192	3	1	RCR	2824.30	0.1947	fbe192fd8fb1be16047e36b767b66c29
70B_QO_4kx8kx8k	4096	8192	8192	3	1	RRR	2812.01	0.1955	fbe192fd8fb1be16047e36b767b66c29
70B_QO_4kx8kx8k	4096	8192	8192	3	1	CRR	2648.34	0.2076	fbe192fd8fb1be16047e36b767b66c29
70B_QO_4kx8kx8k	4096	8192	8192	3	2	RCR	2823.33	0.1947	fbe192fd8fb1be16047e36b767b66c29
70B_QO_4kx8kx8k	4096	8192	8192	3	2	RRR	2812.49	0.1955	fbe192fd8fb1be16047e36b767b66c29
70B_QO_4kx8kx8k	4096	8192	8192	3	2	CRR	2647.67	0.2076	fbe192fd8fb1be16047e36b767b66c29
70B_QO_4kx8kx8k	4096	8192	8192	3	3	RCR	2823.91	0.1947	fbe192fd8fb1be16047e36b767b66c29
70B_QO_4kx8kx8k	4096	8192	8192	3	3	RRR	2822.34	0.1948	fbe192fd8fb1be16047e36b767b66c29
70B_QO_4kx8kx8k	4096	8192	8192	3	3	CRR	2645.65	0.2078	fbe192fd8fb1be16047e36b767b66c29
70B_GateUp_4kx28kx8k	4096	28672	8192	0	1	RCR	2845.29	0.6763	db1d00a21f19edc492c0907a5f65bacc
70B_GateUp_4kx28kx8k	4096	28672	8192	0	1	RRR	2782.78	0.6914	db1d00a21f19edc492c0907a5f65bacc
70B_GateUp_4kx28kx8k	4096	28672	8192	0	1	CRR	2508.30	0.7671	db1d00a21f19edc492c0907a5f65bacc
70B_GateUp_4kx28kx8k	4096	28672	8192	0	2	RCR	2839.55	0.6776	db1d00a21f19edc492c0907a5f65bacc
70B_GateUp_4kx28kx8k	4096	28672	8192	0	2	RRR	2786.31	0.6906	db1d00a21f19edc492c0907a5f65bacc
70B_GateUp_4kx28kx8k	4096	28672	8192	0	2	CRR	2502.54	0.7689	db1d00a21f19edc492c0907a5f65bacc
70B_GateUp_4kx28kx8k	4096	28672	8192	0	3	RCR	2846.14	0.6761	db1d00a21f19edc492c0907a5f65bacc
70B_GateUp_4kx28kx8k	4096	28672	8192	0	3	RRR	2783.07	0.6914	db1d00a21f19edc492c0907a5f65bacc
70B_GateUp_4kx28kx8k	4096	28672	8192	0	3	CRR	2497.21	0.7705	db1d00a21f19edc492c0907a5f65bacc
70B_GateUp_4kx28kx8k	4096	28672	8192	1	1	RCR	2842.23	0.6770	a5a7bed33b264b4a31741b71c7957983
70B_GateUp_4kx28kx8k	4096	28672	8192	1	1	RRR	2793.21	0.6889	a5a7bed33b264b4a31741b71c7957983
70B_GateUp_4kx28kx8k	4096	28672	8192	1	1	CRR	2507.48	0.7674	a5a7bed33b264b4a31741b71c7957983
70B_GateUp_4kx28kx8k	4096	28672	8192	1	2	RCR	2843.46	0.6767	a5a7bed33b264b4a31741b71c7957983
70B_GateUp_4kx28kx8k	4096	28672	8192	1	2	RRR	2795.03	0.6884	a5a7bed33b264b4a31741b71c7957983
70B_GateUp_4kx28kx8k	4096	28672	8192	1	2	CRR	2509.78	0.7667	a5a7bed33b264b4a31741b71c7957983
70B_GateUp_4kx28kx8k	4096	28672	8192	1	3	RCR	2846.33	0.6760	a5a7bed33b264b4a31741b71c7957983
70B_GateUp_4kx28kx8k	4096	28672	8192	1	3	RRR	2775.42	0.6933	a5a7bed33b264b4a31741b71c7957983
70B_GateUp_4kx28kx8k	4096	28672	8192	1	3	CRR	2496.48	0.7707	a5a7bed33b264b4a31741b71c7957983
70B_GateUp_4kx28kx8k	4096	28672	8192	2	1	RCR	2795.21	0.6884	111331274e3748d4b584180be071cd45
70B_GateUp_4kx28kx8k	4096	28672	8192	2	1	RRR	2709.90	0.7100	111331274e3748d4b584180be071cd45
70B_GateUp_4kx28kx8k	4096	28672	8192	2	1	CRR	2465.65	0.7804	111331274e3748d4b584180be071cd45
70B_GateUp_4kx28kx8k	4096	28672	8192	2	2	RCR	2803.97	0.6862	111331274e3748d4b584180be071cd45
70B_GateUp_4kx28kx8k	4096	28672	8192	2	2	RRR	2708.70	0.7104	111331274e3748d4b584180be071cd45
70B_GateUp_4kx28kx8k	4096	28672	8192	2	2	CRR	2464.57	0.7807	111331274e3748d4b584180be071cd45
70B_GateUp_4kx28kx8k	4096	28672	8192	2	3	RCR	2795.11	0.6884	111331274e3748d4b584180be071cd45
70B_GateUp_4kx28kx8k	4096	28672	8192	2	3	RRR	2703.32	0.7118	111331274e3748d4b584180be071cd45
70B_GateUp_4kx28kx8k	4096	28672	8192	2	3	CRR	2463.28	0.7811	111331274e3748d4b584180be071cd45
70B_GateUp_4kx28kx8k	4096	28672	8192	3	1	RCR	2791.65	0.6893	a73ac2fe3f02768fbdbad6366d6bf9dd
70B_GateUp_4kx28kx8k	4096	28672	8192	3	1	RRR	2705.19	0.7113	a73ac2fe3f02768fbdbad6366d6bf9dd
70B_GateUp_4kx28kx8k	4096	28672	8192	3	1	CRR	2469.36	0.7792	a73ac2fe3f02768fbdbad6366d6bf9dd
70B_GateUp_4kx28kx8k	4096	28672	8192	3	2	RCR	2795.30	0.6883	a73ac2fe3f02768fbdbad6366d6bf9dd
70B_GateUp_4kx28kx8k	4096	28672	8192	3	2	RRR	2706.23	0.7110	a73ac2fe3f02768fbdbad6366d6bf9dd
70B_GateUp_4kx28kx8k	4096	28672	8192	3	2	CRR	2468.83	0.7794	a73ac2fe3f02768fbdbad6366d6bf9dd
70B_GateUp_4kx28kx8k	4096	28672	8192	3	3	RCR	2797.96	0.6877	a73ac2fe3f02768fbdbad6366d6bf9dd
70B_GateUp_4kx28kx8k	4096	28672	8192	3	3	RRR	2703.43	0.7117	a73ac2fe3f02768fbdbad6366d6bf9dd
70B_GateUp_4kx28kx8k	4096	28672	8192	3	3	CRR	2465.52	0.7804	a73ac2fe3f02768fbdbad6366d6bf9dd
70B_Down_4kx8kx28k	4096	8192	28672	0	1	RCR	2950.13	0.6522	d18da9fb9b4273f7d982636fc36bfb2b
70B_Down_4kx8kx28k	4096	8192	28672	0	1	RRR	2972.51	0.6473	d18da9fb9b4273f7d982636fc36bfb2b
70B_Down_4kx8kx28k	4096	8192	28672	0	1	CRR	2656.39	0.7243	d18da9fb9b4273f7d982636fc36bfb2b
70B_Down_4kx8kx28k	4096	8192	28672	0	2	RCR	2947.00	0.6529	d18da9fb9b4273f7d982636fc36bfb2b
70B_Down_4kx8kx28k	4096	8192	28672	0	2	RRR	2970.56	0.6477	d18da9fb9b4273f7d982636fc36bfb2b
70B_Down_4kx8kx28k	4096	8192	28672	0	2	CRR	2666.37	0.7216	d18da9fb9b4273f7d982636fc36bfb2b
70B_Down_4kx8kx28k	4096	8192	28672	0	3	RCR	2951.03	0.6520	d18da9fb9b4273f7d982636fc36bfb2b
70B_Down_4kx8kx28k	4096	8192	28672	0	3	RRR	2971.44	0.6475	d18da9fb9b4273f7d982636fc36bfb2b
70B_Down_4kx8kx28k	4096	8192	28672	0	3	CRR	2669.34	0.7208	d18da9fb9b4273f7d982636fc36bfb2b
70B_Down_4kx8kx28k	4096	8192	28672	1	1	RCR	2933.85	0.6558	fee58d69dd131e360f6a25a35c1eccff
70B_Down_4kx8kx28k	4096	8192	28672	1	1	RRR	2959.87	0.6501	fee58d69dd131e360f6a25a35c1eccff
70B_Down_4kx8kx28k	4096	8192	28672	1	1	CRR	2654.76	0.7248	fee58d69dd131e360f6a25a35c1eccff
70B_Down_4kx8kx28k	4096	8192	28672	1	2	RCR	2942.41	0.6539	fee58d69dd131e360f6a25a35c1eccff
70B_Down_4kx8kx28k	4096	8192	28672	1	2	RRR	2976.03	0.6465	fee58d69dd131e360f6a25a35c1eccff
70B_Down_4kx8kx28k	4096	8192	28672	1	2	CRR	2663.57	0.7224	fee58d69dd131e360f6a25a35c1eccff
70B_Down_4kx8kx28k	4096	8192	28672	1	3	RCR	2944.56	0.6535	fee58d69dd131e360f6a25a35c1eccff
70B_Down_4kx8kx28k	4096	8192	28672	1	3	RRR	2974.36	0.6469	fee58d69dd131e360f6a25a35c1eccff
70B_Down_4kx8kx28k	4096	8192	28672	1	3	CRR	2664.82	0.7221	fee58d69dd131e360f6a25a35c1eccff
70B_Down_4kx8kx28k	4096	8192	28672	2	1	RCR	2940.09	0.6545	5b48428c4f4fab42630b4854c9260061
70B_Down_4kx8kx28k	4096	8192	28672	2	1	RRR	2883.97	0.6672	5b48428c4f4fab42630b4854c9260061
70B_Down_4kx8kx28k	4096	8192	28672	2	1	CRR	2617.23	0.7352	5b48428c4f4fab42630b4854c9260061
70B_Down_4kx8kx28k	4096	8192	28672	2	2	RCR	2935.50	0.6555	5b48428c4f4fab42630b4854c9260061
70B_Down_4kx8kx28k	4096	8192	28672	2	2	RRR	2885.77	0.6668	5b48428c4f4fab42630b4854c9260061
70B_Down_4kx8kx28k	4096	8192	28672	2	2	CRR	2615.12	0.7358	5b48428c4f4fab42630b4854c9260061
70B_Down_4kx8kx28k	4096	8192	28672	2	3	RCR	2934.06	0.6558	5b48428c4f4fab42630b4854c9260061
70B_Down_4kx8kx28k	4096	8192	28672	2	3	RRR	2885.58	0.6668	5b48428c4f4fab42630b4854c9260061
70B_Down_4kx8kx28k	4096	8192	28672	2	3	CRR	2618.54	0.7348	5b48428c4f4fab42630b4854c9260061
70B_Down_4kx8kx28k	4096	8192	28672	3	1	RCR	2939.39	0.6546	8da8b2cd7473713819a4ae01a042d812
70B_Down_4kx8kx28k	4096	8192	28672	3	1	RRR	2884.76	0.6670	8da8b2cd7473713819a4ae01a042d812
70B_Down_4kx8kx28k	4096	8192	28672	3	1	CRR	2615.54	0.7357	8da8b2cd7473713819a4ae01a042d812
70B_Down_4kx8kx28k	4096	8192	28672	3	2	RCR	2942.56	0.6539	8da8b2cd7473713819a4ae01a042d812
70B_Down_4kx8kx28k	4096	8192	28672	3	2	RRR	2885.88	0.6667	8da8b2cd7473713819a4ae01a042d812
70B_Down_4kx8kx28k	4096	8192	28672	3	2	CRR	2615.45	0.7357	8da8b2cd7473713819a4ae01a042d812
70B_Down_4kx8kx28k	4096	8192	28672	3	3	RCR	2937.78	0.6550	8da8b2cd7473713819a4ae01a042d812
70B_Down_4kx8kx28k	4096	8192	28672	3	3	RRR	2884.62	0.6670	8da8b2cd7473713819a4ae01a042d812
70B_Down_4kx8kx28k	4096	8192	28672	3	3	CRR	2612.79	0.7364	8da8b2cd7473713819a4ae01a042d812
